{"epochs": 1, "loss": 0.8919766005049361, "acc": 0.7850000262260437, "val_loss": 0.6494404301047325, "val_acc": 0.8375999927520752, "_timestamp": 1688085598.418901, "_runtime": 7.357104063034058, "_step": 1, "_wandb": {"runtime": 6}}