{"batch/loss": 0.7947279214859009, "batch/accuracy": 0.803074061870575, "batch/batch_step": 395, "batch/learning_rate": 0.009999999776482582, "_timestamp": 1688062722.768546, "_runtime": 13.245906114578247, "_step": 87, "epoch/loss": 0.7958462834358215, "epoch/accuracy": 0.8026666641235352, "epoch/val_loss": 0.704250156879425, "epoch/val_accuracy": 0.8339999914169312, "epoch/epoch": 7, "epoch/learning_rate": 0.009999999776482582, "_wandb": {"runtime": 12}}