{"epochs": 9, "loss": 0.3421362812466014, "acc": 0.9063500165939331, "val_loss": 0.340336338373696, "val_acc": 0.9120000004768372, "_timestamp": 1688073553.480795, "_runtime": 87.92312288284302, "_step": 9, "_wandb": {"runtime": 86}}