{"epochs": 1, "loss": 2.2218995576222738, "acc": 0.23366667330265045, "val_loss": 2.1928127809835316, "val_acc": 0.25360000133514404, "_timestamp": 1688085478.526792, "_runtime": 36.627066135406494, "_step": 1, "_wandb": {"runtime": 35}}