{"epochs": 1, "loss": 2.294396048403801, "acc": 0.14136666059494019, "val_loss": 2.2660697400569916, "val_acc": 0.15860000252723694, "_timestamp": 1688085300.261195, "_runtime": 7.603082895278931, "_step": 1, "_wandb": {"runtime": 6}}