{"epochs": 9, "loss": 0.24542312922357307, "acc": 0.929099977016449, "val_loss": 0.29634943765374555, "val_acc": 0.9240000247955322, "_timestamp": 1688072775.641563, "_runtime": 88.29291987419128, "_step": 9, "_wandb": {"runtime": 87}}