{"epochs": 9, "loss": 0.4187001063069428, "acc": 0.8894500136375427, "val_loss": 0.43186134560282824, "val_acc": 0.8907999992370605, "_timestamp": 1688073383.5280461, "_runtime": 85.96194624900818, "_step": 9, "_wandb": {"runtime": 85}}