{"epochs": 1, "loss": 0.5323492072538526, "acc": 0.8596833348274231, "val_loss": 0.419478075472033, "val_acc": 0.8841999769210815, "_timestamp": 1688085328.437471, "_runtime": 20.191850900650024, "_step": 1, "_wandb": {"runtime": 19}}