{"epochs": 1, "loss": 0.3017347222665946, "acc": 0.9137499928474426, "val_loss": 0.2686049092319993, "val_acc": 0.9222999811172485, "_timestamp": 1688085402.733103, "_runtime": 37.63533592224121, "_step": 1, "_wandb": {"runtime": 36}}