{"epochs": 1, "loss": 1.5226515744594817, "acc": 0.644433319568634, "val_loss": 1.1991596415638923, "val_acc": 0.732699990272522, "_timestamp": 1688085542.3282719, "_runtime": 7.322152853012085, "_step": 1, "_wandb": {"runtime": 6}}