{"epochs": 1, "loss": 1.078014349079132, "acc": 0.7477666735649109, "val_loss": 0.7875295734634034, "val_acc": 0.8134999871253967, "_timestamp": 1688085524.938504, "_runtime": 36.504217863082886, "_step": 1, "_wandb": {"runtime": 35}}