{"epochs": 1, "loss": 2.071606592328818, "acc": 0.3772333264350891, "val_loss": 1.9632229986070078, "val_acc": 0.47530001401901245, "_timestamp": 1688085423.129131, "_runtime": 11.802770137786865, "_step": 1, "_wandb": {"runtime": 10}}