{"epochs": 1, "loss": 2.3080564539483253, "acc": 0.15389999747276306, "val_loss": 2.3055670857429504, "val_acc": 0.16040000319480896, "_timestamp": 1688085352.345217, "_runtime": 7.454207897186279, "_step": 1, "_wandb": {"runtime": 6}}