{"epochs": 9, "loss": 0.3240256649868956, "acc": 0.9069166779518127, "val_loss": 0.3761139751714506, "val_acc": 0.8974999785423279, "_timestamp": 1688073226.284265, "_runtime": 88.67484593391418, "_step": 9, "_wandb": {"runtime": 87}}