{"epochs": 9, "loss": 1.9194621701738728, "acc": 0.249466672539711, "val_loss": 1.8851046926656347, "val_acc": 0.2567000091075897, "_timestamp": 1688073657.639223, "_runtime": 87.88539218902588, "_step": 9, "_wandb": {"runtime": 86}}