{"epochs": 1, "loss": 0.5316940240069493, "acc": 0.8599333167076111, "val_loss": 0.42006094283928536, "val_acc": 0.8845000267028809, "_timestamp": 1688085580.228699, "_runtime": 19.59455704689026, "_step": 1, "_wandb": {"runtime": 18}}